{
  "generatedAt": "2026-05-05T17:14:33.672Z",
  "source": "web/scripts/generate-fixtures.mjs",
  "fixtures": {
    "small": {
      "count": 200,
      "avatarBytes": 32,
      "raw": {
        "json": 31651,
        "capnweb": 33451,
        "capnp": 27200
      },
      "gzip": {
        "json": 32000,
        "capnweb": 33335,
        "capnp": 26588
      },
      "ratios": {
        "jsonToCapnpGzip": 1.2035504738979992,
        "capnwebToCapnpGzip": 1.2537610952309313
      }
    },
    "blob": {
      "count": 50,
      "avatarBytes": 4096,
      "raw": {
        "json": 278849,
        "capnweb": 279249,
        "capnp": 210000
      },
      "gzip": {
        "json": 48135,
        "capnweb": 48476,
        "capnp": 20311
      },
      "ratios": {
        "jsonToCapnpGzip": 2.3698980847816453,
        "capnwebToCapnpGzip": 2.386687016887401
      }
    }
  },
  "wasm": {
    "raw": 99833,
    "gzip": 39586,
    "brotli": 33325
  },
  "bundles": {
    "gzip": {
      "capnwasmBrowser": 39794,
      "capnwasmRpc": 46347,
      "capnwasmTypical": 42165,
      "capnweb": 21149
    },
    "brotli": {
      "capnwasmBrowser": 33494,
      "capnwasmRpc": 39412,
      "capnwasmTypical": 35615,
      "capnweb": 18132
    },
    "ratios": {
      "capnwasmRpcToCapnwebGzip": 2.1914511324412502
    }
  }
}
