{
  "generatedAt": "2026-05-04T19:54:13.502Z",
  "source": "web/scripts/generate-fixtures.mjs",
  "fixtures": {
    "small": {
      "count": 200,
      "avatarBytes": 32,
      "raw": {
        "json": 31651,
        "capnweb": 33451,
        "capnp": 27200
      },
      "gzip": {
        "json": 32000,
        "capnweb": 33335,
        "capnp": 26588
      },
      "ratios": {
        "jsonToCapnpGzip": 1.2035504738979992,
        "capnwebToCapnpGzip": 1.2537610952309313
      }
    },
    "blob": {
      "count": 50,
      "avatarBytes": 4096,
      "raw": {
        "json": 278849,
        "capnweb": 279249,
        "capnp": 210000
      },
      "gzip": {
        "json": 48135,
        "capnweb": 48476,
        "capnp": 20311
      },
      "ratios": {
        "jsonToCapnpGzip": 2.3698980847816453,
        "capnwebToCapnpGzip": 2.386687016887401
      }
    }
  },
  "wasm": {
    "raw": 84477,
    "gzip": 33856,
    "brotli": 28490
  },
  "bundles": {
    "gzip": {
      "capnwasmBrowser": 34064,
      "capnwasmRpc": 40167,
      "capnwasmTypical": 36141,
      "capnweb": 21149
    },
    "brotli": {
      "capnwasmBrowser": 28659,
      "capnwasmRpc": 34188,
      "capnwasmTypical": 30500,
      "capnweb": 18132
    },
    "ratios": {
      "capnwasmRpcToCapnwebGzip": 1.8992387346919477
    }
  }
}
