{
  "generatedAt": "2026-05-05T16:26:16.593Z",
  "source": "web/scripts/generate-fixtures.mjs",
  "fixtures": {
    "small": {
      "count": 200,
      "avatarBytes": 32,
      "raw": {
        "json": 31651,
        "capnweb": 33451,
        "capnp": 27200
      },
      "gzip": {
        "json": 32000,
        "capnweb": 33335,
        "capnp": 26588
      },
      "ratios": {
        "jsonToCapnpGzip": 1.2035504738979992,
        "capnwebToCapnpGzip": 1.2537610952309313
      }
    },
    "blob": {
      "count": 50,
      "avatarBytes": 4096,
      "raw": {
        "json": 278849,
        "capnweb": 279249,
        "capnp": 210000
      },
      "gzip": {
        "json": 48135,
        "capnweb": 48476,
        "capnp": 20311
      },
      "ratios": {
        "jsonToCapnpGzip": 2.3698980847816453,
        "capnwebToCapnpGzip": 2.386687016887401
      }
    }
  },
  "wasm": {
    "raw": 198596,
    "gzip": 71688,
    "brotli": 59330
  },
  "bundles": {
    "gzip": {
      "capnwasmBrowser": 71896,
      "capnwasmRpc": 78449,
      "capnwasmTypical": 74267,
      "capnweb": 21149
    },
    "brotli": {
      "capnwasmBrowser": 59499,
      "capnwasmRpc": 65417,
      "capnwasmTypical": 61620,
      "capnweb": 18132
    },
    "ratios": {
      "capnwasmRpcToCapnwebGzip": 3.7093479597144072
    }
  }
}
