{
  "generatedAt": "2026-05-04T17:03:44.492Z",
  "source": "web/scripts/generate-fixtures.mjs",
  "fixtures": {
    "small": {
      "count": 200,
      "avatarBytes": 32,
      "raw": {
        "json": 31651,
        "capnweb": 33451,
        "capnp": 27200
      },
      "gzip": {
        "json": 32000,
        "capnweb": 33335,
        "capnp": 26588
      },
      "ratios": {
        "jsonToCapnpGzip": 1.2035504738979992,
        "capnwebToCapnpGzip": 1.2537610952309313
      }
    },
    "blob": {
      "count": 50,
      "avatarBytes": 4096,
      "raw": {
        "json": 278849,
        "capnweb": 279249,
        "capnp": 210000
      },
      "gzip": {
        "json": 48135,
        "capnweb": 48476,
        "capnp": 20311
      },
      "ratios": {
        "jsonToCapnpGzip": 2.3698980847816453,
        "capnwebToCapnpGzip": 2.386687016887401
      }
    }
  },
  "wasm": {
    "raw": 82764,
    "gzip": 33139,
    "brotli": 27761
  },
  "bundles": {
    "gzip": {
      "capnwasmBrowser": 33347,
      "capnwasmRpc": 39450,
      "capnwasmTypical": 35424,
      "capnweb": 21149
    },
    "brotli": {
      "capnwasmBrowser": 27930,
      "capnwasmRpc": 33459,
      "capnwasmTypical": 29771,
      "capnweb": 18132
    },
    "ratios": {
      "capnwasmRpcToCapnwebGzip": 1.8653364225258877
    }
  }
}
